Time,IP Address,Event
18:03:13,192.168.1.2,Normal Packet
18:03:14,192.168.1.10,Normal Packet
18:03:14,148.113.20.2,Normal Packet
18:03:17,192.168.1.2,Normal Packet
18:03:19,192.168.1.10,Normal Packet
18:03:19,192.168.1.1,Normal Packet
18:03:19,204.79.197.222,Normal Packet
18:03:19,192.168.1.10,Normal Packet
18:03:19,192.168.1.1,Normal Packet
18:03:20,192.168.1.10,Normal Packet
18:03:38,192.168.1.10,Normal Packet
18:03:38,192.168.1.1,Normal Packet
18:03:38,192.168.1.10,Normal Packet
18:03:38,23.108.55.80,Normal Packet
18:03:38,23.108.55.80,Normal Packet
18:03:38,192.168.1.10,Normal Packet
18:03:38,192.168.1.10,Normal Packet
18:03:38,148.113.20.2,Normal Packet
18:03:38,192.168.1.10,Normal Packet
18:03:38,148.113.20.2,Normal Packet
18:03:38,192.168.1.10,Normal Packet
18:03:38,192.168.1.10,Normal Packet
18:03:38,192.168.1.10,Suspicious Activity
18:03:39,52.168.117.170,Normal Packet
18:03:39,52.168.117.170,Normal Packet
18:03:39,192.168.1.10,Normal Packet
18:03:39,192.168.1.10,Suspicious Activity
18:03:39,192.168.1.10,Normal Packet
18:03:39,192.168.1.10,Suspicious Activity
18:03:39,192.168.1.10,Normal Packet
18:03:39,192.168.1.10,Suspicious Activity
18:03:39,192.168.1.10,Normal Packet
18:03:39,192.168.1.10,Suspicious Activity
18:03:39,192.168.1.10,Normal Packet
18:03:39,192.168.1.10,Suspicious Activity
18:03:39,192.168.1.10,Normal Packet
18:03:39,192.168.1.10,Suspicious Activity
18:03:39,192.168.1.2,Normal Packet
18:03:39,192.168.1.2,Normal Packet
18:03:39,192.168.1.2,Normal Packet
18:03:39,192.168.1.10,Normal Packet
18:03:39,192.168.1.10,Suspicious Activity
18:03:39,192.168.1.10,Normal Packet
18:03:39,192.168.1.10,Suspicious Activity
18:03:39,192.168.1.10,Normal Packet
18:03:39,192.168.1.10,Suspicious Activity
18:03:39,192.168.1.10,Normal Packet
18:03:39,192.168.1.10,Suspicious Activity
18:03:39,192.168.1.10,Normal Packet
18:03:39,192.168.1.10,Suspicious Activity
18:03:39,192.168.1.10,Normal Packet
18:03:39,192.168.1.10,Suspicious Activity
18:03:39,192.168.1.2,Normal Packet
18:03:39,192.168.1.2,Normal Packet
18:03:39,192.168.1.2,Normal Packet
18:03:39,192.168.1.2,Normal Packet
18:03:39,192.168.1.1,Normal Packet
18:03:39,192.168.1.2,Normal Packet
18:03:39,192.168.1.10,Normal Packet
18:03:39,192.168.1.10,Suspicious Activity
18:03:39,192.168.1.10,Normal Packet
18:03:39,192.168.1.10,Suspicious Activity
18:03:39,192.168.1.1,Normal Packet
18:03:39,192.168.1.10,Normal Packet
18:03:39,192.168.1.10,Suspicious Activity
18:03:39,192.168.1.1,Normal Packet
18:03:39,192.168.1.10,Normal Packet
18:03:39,192.168.1.10,Suspicious Activity
18:03:39,192.168.1.10,Normal Packet
18:03:39,192.168.1.10,Suspicious Activity
18:03:39,192.168.1.10,Normal Packet
18:03:39,192.168.1.10,Suspicious Activity
18:03:39,192.168.1.1,Normal Packet
18:03:39,192.168.1.10,Normal Packet
18:03:39,192.168.1.10,Suspicious Activity
18:03:39,148.113.20.2,Normal Packet
18:03:39,192.168.1.2,Normal Packet
18:03:39,192.168.1.2,Suspicious Activity
18:03:39,192.168.1.10,Normal Packet
18:03:39,192.168.1.10,Suspicious Activity
18:03:39,192.168.1.2,Normal Packet
18:03:39,192.168.1.2,Suspicious Activity
18:03:39,192.168.1.10,Normal Packet
18:03:39,192.168.1.10,Suspicious Activity
18:03:39,192.168.1.10,Normal Packet
18:03:39,192.168.1.10,Suspicious Activity
18:03:39,135.234.160.245,Normal Packet
18:03:39,192.168.1.10,Normal Packet
18:03:39,192.168.1.10,Suspicious Activity
18:03:39,192.168.1.10,Normal Packet
18:03:39,192.168.1.10,Suspicious Activity
18:03:39,135.234.160.245,Normal Packet
18:03:39,192.168.1.10,Normal Packet
18:03:39,192.168.1.10,Suspicious Activity
18:03:39,192.168.1.10,Normal Packet
18:03:39,192.168.1.10,Suspicious Activity
18:03:39,135.234.160.245,Normal Packet
18:03:39,135.234.160.245,Normal Packet
18:03:39,192.168.1.10,Normal Packet
18:03:39,192.168.1.10,Suspicious Activity
18:03:39,192.168.1.10,Normal Packet
18:03:39,192.168.1.10,Suspicious Activity
18:03:39,135.234.160.245,Normal Packet
18:03:39,135.234.160.245,Normal Packet
18:03:39,192.168.1.10,Normal Packet
18:03:39,192.168.1.10,Suspicious Activity
18:03:39,135.234.160.245,Normal Packet
18:03:39,192.168.1.10,Normal Packet
18:03:39,192.168.1.10,Suspicious Activity
18:03:39,135.234.160.245,Normal Packet
18:03:39,135.234.160.245,Normal Packet
18:03:39,135.234.160.245,Normal Packet
18:03:39,192.168.1.10,Normal Packet
18:03:39,192.168.1.10,Suspicious Activity
18:03:39,192.168.1.10,Normal Packet
18:03:39,192.168.1.10,Suspicious Activity
18:03:39,135.234.160.245,Normal Packet
18:03:39,135.234.160.245,Suspicious Activity
18:03:39,192.168.1.10,Normal Packet
18:03:39,192.168.1.10,Suspicious Activity
18:03:39,192.168.1.10,Normal Packet
18:03:39,192.168.1.10,Suspicious Activity
18:03:39,135.234.160.245,Normal Packet
18:03:39,135.234.160.245,Suspicious Activity
18:03:39,192.168.1.10,Normal Packet
18:03:39,192.168.1.10,Suspicious Activity
18:03:39,192.168.1.10,Normal Packet
18:03:39,192.168.1.10,Suspicious Activity
18:03:39,135.234.160.245,Normal Packet
18:03:39,135.234.160.245,Suspicious Activity
18:03:39,192.168.1.10,Normal Packet
18:03:39,192.168.1.10,Suspicious Activity
18:03:39,192.168.1.10,Normal Packet
18:03:39,192.168.1.10,Suspicious Activity
18:03:39,135.234.160.245,Normal Packet
18:03:39,135.234.160.245,Suspicious Activity
18:03:39,192.168.1.10,Normal Packet
18:03:39,192.168.1.10,Suspicious Activity
18:03:39,192.168.1.10,Normal Packet
18:03:39,192.168.1.10,Suspicious Activity
18:03:39,135.234.160.245,Normal Packet
18:03:39,135.234.160.245,Suspicious Activity
18:03:39,192.168.1.10,Normal Packet
18:03:39,192.168.1.10,Suspicious Activity
18:03:39,135.234.160.245,Normal Packet
18:03:39,135.234.160.245,Suspicious Activity
18:03:39,192.168.1.10,Normal Packet
18:03:39,192.168.1.10,Suspicious Activity
18:03:39,192.168.1.10,Normal Packet
18:03:39,192.168.1.10,Suspicious Activity
18:03:39,192.168.1.10,Normal Packet
18:03:39,192.168.1.10,Suspicious Activity
18:03:39,135.234.160.245,Normal Packet
18:03:39,135.234.160.245,Suspicious Activity
18:03:39,192.168.1.10,Normal Packet
18:03:39,192.168.1.10,Suspicious Activity
18:03:39,192.168.1.10,Normal Packet
18:03:39,192.168.1.10,Suspicious Activity
18:03:39,192.168.1.10,Normal Packet
18:03:39,192.168.1.10,Suspicious Activity
18:03:39,192.168.1.10,Normal Packet
18:03:39,192.168.1.10,Suspicious Activity
18:03:39,135.234.160.245,Normal Packet
18:03:39,135.234.160.245,Suspicious Activity
18:03:39,135.234.160.245,Normal Packet
18:03:39,135.234.160.245,Suspicious Activity
18:03:39,135.234.160.245,Normal Packet
18:03:39,135.234.160.245,Suspicious Activity
18:03:39,135.234.160.245,Normal Packet
18:03:39,135.234.160.245,Suspicious Activity
18:03:39,135.234.160.245,Normal Packet
18:03:39,135.234.160.245,Suspicious Activity
18:03:39,192.168.1.10,Normal Packet
18:03:39,192.168.1.10,Suspicious Activity
18:03:39,192.168.1.10,Normal Packet
18:03:39,192.168.1.10,Suspicious Activity
18:03:39,135.234.160.245,Normal Packet
18:03:39,135.234.160.245,Suspicious Activity
18:03:39,135.234.160.245,Normal Packet
18:03:39,135.234.160.245,Suspicious Activity
18:03:39,135.234.160.245,Normal Packet
18:03:39,135.234.160.245,Suspicious Activity
18:03:39,135.234.160.245,Normal Packet
18:03:39,135.234.160.245,Suspicious Activity
18:03:39,192.168.1.10,Normal Packet
18:03:39,192.168.1.10,Suspicious Activity
18:03:39,135.234.160.245,Normal Packet
18:03:39,135.234.160.245,Suspicious Activity
18:03:39,192.168.1.10,Normal Packet
18:03:39,192.168.1.10,Suspicious Activity
18:03:39,192.168.1.10,Normal Packet
18:03:39,192.168.1.10,Suspicious Activity
18:03:39,135.234.160.245,Normal Packet
18:03:39,135.234.160.245,Suspicious Activity
18:03:39,192.168.1.10,Normal Packet
18:03:39,192.168.1.10,Suspicious Activity
18:03:42,192.168.1.1,Normal Packet
18:03:43,192.168.1.10,Normal Packet
18:03:43,192.168.1.10,Suspicious Activity
18:03:44,192.168.1.10,Normal Packet
18:03:44,192.168.1.10,Suspicious Activity
18:03:44,148.113.20.2,Normal Packet
18:03:44,192.168.1.10,Normal Packet
18:03:44,192.168.1.10,Suspicious Activity
18:03:45,192.168.1.10,Normal Packet
18:03:45,192.168.1.10,Suspicious Activity
18:03:45,192.168.1.1,Normal Packet
18:03:45,5.79.122.22,Normal Packet
18:03:45,192.168.1.10,Normal Packet
18:03:45,192.168.1.10,Suspicious Activity
18:03:45,192.168.1.10,Normal Packet
18:03:45,192.168.1.10,Suspicious Activity
18:03:46,192.168.1.2,Normal Packet
18:03:46,192.168.1.2,Suspicious Activity
18:03:46,192.168.1.10,Normal Packet
18:03:46,192.168.1.10,Suspicious Activity
18:03:46,192.168.1.1,Normal Packet
18:03:46,192.168.1.2,Normal Packet
18:03:46,192.168.1.2,Suspicious Activity
18:03:48,192.168.1.10,Normal Packet
18:03:48,192.168.1.10,Suspicious Activity
18:03:48,192.168.1.1,Normal Packet
18:03:48,192.168.1.1,Suspicious Activity
18:03:54,192.168.1.10,Normal Packet
18:03:54,192.168.1.10,Suspicious Activity
18:03:54,148.113.20.2,Normal Packet
18:03:54,192.168.1.10,Normal Packet
18:03:54,192.168.1.10,Suspicious Activity
18:03:54,148.113.20.2,Normal Packet
18:03:54,192.168.1.10,Normal Packet
18:03:54,192.168.1.10,Suspicious Activity
18:03:54,192.168.1.10,Normal Packet
18:03:54,192.168.1.10,Suspicious Activity
18:03:54,192.168.1.10,Normal Packet
18:03:54,192.168.1.10,Suspicious Activity
18:03:54,192.168.1.10,Normal Packet
18:03:54,192.168.1.10,Suspicious Activity
18:03:55,5.79.122.22,Normal Packet
18:03:55,192.168.1.10,Normal Packet
18:03:55,192.168.1.10,Suspicious Activity
18:03:55,5.79.122.22,Normal Packet
18:03:55,192.168.1.10,Normal Packet
18:03:55,192.168.1.10,Suspicious Activity
18:03:55,23.108.55.80,Normal Packet
18:03:57,52.168.117.170,Normal Packet
18:03:57,192.168.1.1,Normal Packet
18:03:57,192.168.1.1,Suspicious Activity
18:03:58,192.168.1.10,Normal Packet
18:03:58,192.168.1.10,Suspicious Activity
18:04:00,52.168.117.170,Normal Packet
18:04:02,192.168.1.2,Normal Packet
18:04:02,192.168.1.2,Suspicious Activity
18:04:02,192.168.1.10,Normal Packet
18:04:02,192.168.1.10,Suspicious Activity
18:04:04,192.168.1.2,Normal Packet
18:04:04,192.168.1.2,Suspicious Activity
18:04:04,192.168.1.10,Normal Packet
18:04:04,192.168.1.10,Suspicious Activity
18:04:04,148.113.20.2,Normal Packet
18:04:06,192.168.1.2,Normal Packet
18:04:06,192.168.1.2,Suspicious Activity
18:04:06,192.168.1.2,Normal Packet
18:04:06,192.168.1.2,Suspicious Activity
18:04:06,192.168.1.2,Normal Packet
18:04:06,192.168.1.2,Suspicious Activity
18:04:06,192.168.1.2,Normal Packet
18:04:06,192.168.1.2,Suspicious Activity
18:04:06,192.168.1.10,Normal Packet
18:04:06,192.168.1.10,Suspicious Activity
18:04:06,192.168.1.10,Normal Packet
18:04:06,192.168.1.10,Suspicious Activity
18:04:06,192.168.1.10,Normal Packet
18:04:06,192.168.1.10,Suspicious Activity
18:04:06,192.168.1.10,Normal Packet
18:04:06,192.168.1.10,Suspicious Activity
18:04:06,192.168.1.10,Normal Packet
18:04:06,192.168.1.10,Suspicious Activity
18:04:06,192.168.1.10,Normal Packet
18:04:06,192.168.1.10,Suspicious Activity
18:04:06,192.168.1.10,Normal Packet
18:04:06,192.168.1.10,Suspicious Activity
18:04:06,192.168.1.10,Normal Packet
18:04:06,192.168.1.10,Suspicious Activity
18:04:06,192.168.1.10,Normal Packet
18:04:06,192.168.1.10,Suspicious Activity
18:04:06,192.168.1.2,Normal Packet
18:04:06,192.168.1.2,Suspicious Activity
18:04:06,192.168.1.10,Normal Packet
18:04:06,192.168.1.10,Suspicious Activity
18:04:06,192.168.1.2,Normal Packet
18:04:06,192.168.1.2,Suspicious Activity
18:04:07,192.168.1.2,Normal Packet
18:04:07,192.168.1.2,Suspicious Activity
18:04:07,192.168.1.2,Normal Packet
18:04:07,192.168.1.2,Suspicious Activity
18:04:07,192.168.1.2,Normal Packet
18:04:07,192.168.1.2,Suspicious Activity
18:04:12,192.168.1.1,Normal Packet
18:04:12,192.168.1.1,Suspicious Activity
18:04:13,192.168.1.10,Normal Packet
18:04:13,192.168.1.10,Suspicious Activity
18:04:13,192.168.1.10,Normal Packet
18:04:13,192.168.1.10,Suspicious Activity
18:04:14,192.168.1.10,Normal Packet
18:04:14,192.168.1.10,Suspicious Activity
18:04:14,148.113.20.2,Normal Packet
18:04:16,192.168.1.2,Normal Packet
18:04:16,192.168.1.2,Suspicious Activity
18:04:16,192.168.1.10,Normal Packet
18:04:16,192.168.1.10,Suspicious Activity
18:04:24,192.168.1.10,Normal Packet
18:04:24,192.168.1.10,Suspicious Activity
18:04:24,148.113.20.2,Normal Packet
18:04:27,192.168.1.1,Normal Packet
18:04:27,192.168.1.1,Suspicious Activity
18:04:28,40.126.17.133,Normal Packet
18:04:28,192.168.1.10,Normal Packet
18:04:28,192.168.1.10,Suspicious Activity
